<?xml version="1.0" encoding="UTF-8"?>
<endpoint name="mailSend" xmlns="http://ws.apache.org/ns/synapse">
    <http method="get" uri-template="http://localhost:6666/api/mail-sms/mail/send/paymentConfirmation/{uri.var.mail}">
        <suspendOnFailure>
            <initialDuration>-1</initialDuration>
            <progressionFactor>1.0</progressionFactor>
        </suspendOnFailure>
        <markForSuspension>
            <retriesBeforeSuspension>0</retriesBeforeSuspension>
        </markForSuspension>
    </http>
</endpoint>
